<?xml version="1.0" encoding="UTF-8"?>
<beans xmlns="http://www.springframework.org/schema/beans"
       xmlns:camel="http://camel.apache.org/schema/spring"
       xmlns:xsi="http://www.w3.org/2001/XMLSchema-instance"
       xsi:schemaLocation="http://www.springframework.org/schema/beans http://www.springframework.org/schema/beans/spring-beans-3.0.xsd
       http://camel.apache.org/schema/spring http://camel.apache.org/schema/spring/camel-spring.xsd">

  <camelContext trace="false" xmlns="http://camel.apache.org/schema/spring">
    <route>
        <from uri="file:src/data?noop=true"/>
        <choice>
            <when>
                <simple>/person/city = 'London'</simple>
                <log message="UK message"/>
                <to uri="file:target/messages/uk"/>
            </when>
            <otherwise>
                <log message="Other message"/>
                <to uri="file:target/messages/others"/>
            </otherwise>
        </choice>
    </route>
</camelContext>

</beans>
