<?xml version="1.0" encoding="UTF-8"?>
<beans xmlns="http://www.springframework.org/schema/beans"
       xmlns:camel="http://camel.apache.org/schema/spring"
       xmlns:xsi="http://www.w3.org/2001/XMLSchema-instance"
       xsi:schemaLocation="http://www.springframework.org/schema/beans http://www.springframework.org/schema/beans/spring-beans-3.0.xsd
       http://camel.apache.org/schema/spring http://camel.apache.org/schema/spring/camel-spring.xsd">

  <camelContext xmlns="http://camel.apache.org/schema/spring">
    <route id="helloRoute">
        <from uri="servlet:///TestServlet"/>
        <choice>
            <description>incoming requests from the servlet is routed</description>
            <when>
                <header>name</header>
                <transform>
                    <description>is there a header with the key name?
yes so return back a message to the user</description>
                    <simple>Hello ${header.name} how are you?</simple>
                </transform>
            </when>
            <otherwise>
                <transform>
                    <description>if no name parameter then output a syntax to the user</description>
                    <constant>Add a name parameter to uri, eg ?name=foo</constant>
                </transform>
            </otherwise>
        </choice>
    </route>
</camelContext>

</beans>
