<?xml version="1.0" encoding="UTF-8"?>
<!-- Configures the Camel Context-->

<beans xmlns="http://www.springframework.org/schema/beans"
       xmlns:xsi="http://www.w3.org/2001/XMLSchema-instance"
       xmlns:camel="http://camel.apache.org/schema/spring"
       xsi:schemaLocation="
       http://www.springframework.org/schema/beans http://www.springframework.org/schema/beans/spring-beans.xsd
       http://camel.apache.org/schema/spring http://camel.apache.org/schema/spring/camel-spring.xsd">

  <camel:camelContext xmlns="http://camel.apache.org/schema/spring">
    <!-- here is a sample which processes the input files
         (leaving them in place - see the 'noop' flag)
         then performs content based routing on the message using XPath -->
    <camel:route>
      <camel:from uri="file:src/data?noop=true"/>
      <camel:choice>
        <camel:when>
          <camel:xpath>/person/city = 'London'</camel:xpath>
          <camel:log message="UK message"/>
          <camel:to uri="file:target/messages/uk"/>
        </camel:when>
        <camel:otherwise>
          <camel:log message="Other message"/>
          <camel:to uri="file:target/messages/others"/>
        </camel:otherwise>
      </camel:choice>
    </camel:route>
  </camel:camelContext>

</beans>
