<?xml version="1.0" encoding="UTF-8"?>
<beans xmlns="http://www.springframework.org/schema/beans"
       xmlns:camel="http://camel.apache.org/schema/spring"
       xmlns:xsi="http://www.w3.org/2001/XMLSchema-instance"
       xsi:schemaLocation="http://www.springframework.org/schema/beans http://www.springframework.org/schema/beans/spring-beans-3.0.xsd
       http://camel.apache.org/schema/spring http://camel.apache.org/schema/spring/camel-spring.xsd">

  <camelContext trace="false" xmlns="http://camel.apache.org/schema/spring">
    <route>
        <from uri="file:D:/inputFolder?noop=true" id="sourceendpoint">
            <description>source</description>
        </from>
        <log message="FileTransferinitiated" loggingLevel="INFO"/>
        <to uri="file:D:/outputFolder" id="destinationendpoint"/>
    </route>
</camelContext>

</beans>
